{
  "images" : [
    {
      "resizing" : {
        "mode" : "9-part",
        "center" : {
          "mode" : "tile",
          "width" : 1,
          "height" : 1
        },
        "cap-insets" : {
          "bottom" : 4,
          "top" : 4,
          "right" : 4,
          "left" : 4
        }
      },
      "idiom" : "universal",
      "filename" : "playing_volumn_slide_bg.png",
      "scale" : "1x"
    },
    {
      "resizing" : {
        "mode" : "9-part",
        "center" : {
          "mode" : "tile",
          "width" : 1,
          "height" : 1
        },
        "cap-insets" : {
          "bottom" : 9,
          "top" : 8,
          "right" : 7,
          "left" : 7
        }
      },
      "idiom" : "universal",
      "filename" : "playing_volumn_slide_bg@2x.png",
      "scale" : "2x"
    },
    {
      "idiom" : "universal",
      "scale" : "3x"
    }
  ],
  "info" : {
    "version" : 1,
    "author" : "xcode"
  }
}